TimeStep,Residual_Norm,EWMA_Norm,Active_Threshold,Attack_Flag
0,2.09821,0.209821,2,0
1,0.00586685,0.189257,2,0
2,0.0108209,0.171052,2,0
3,0.0158513,0.154976,2,0
4,0.0207308,0.140871,2,0
5,0.0259759,0.128469,2,0
6,0.0310749,0.117665,2,0
7,0.0361946,0.108328,2,0
8,0.0413372,0.100343,2,0
9,0.0465053,0.0936155,2,0
10,0.0517017,0.0880595,2,0
11,0.0569293,0.0836007,2,0
12,0.0621911,0.0801695,2,0
13,0.06749,0.0776982,2,0
14,0.0728292,0.0761185,2,0
15,0.0782117,0.0753602,2,0
16,0.0836405,0.0753512,2,0
17,0.0891186,0.076019,2,0
18,0.094649,0.0772924,2,0
19,0.100235,0.079104,2,0
20,0.105878,0.0813914,2,0
21,0.111583,0.0840985,2,0
22,0.117351,0.0871761,2,0
23,0.123184,0.0905814,2,0
24,0.129086,0.094278,2,0
25,0.135058,0.0982349,2,0
26,0.141102,0.102426,2,0
27,0.147218,0.106829,2,0
28,0.153409,0.111426,2,0
29,0.159675,0.116201,2,0
30,0.166653,0.121197,2,0
31,0.173079,0.126344,2,0
32,0.178933,0.131573,2,0
33,0.184827,0.136875,2,0
34,0.192101,0.14237,2,0
35,0.19879,0.147984,2,0
36,0.205539,0.153712,2,0
37,0.21306,0.159614,2,0
38,0.219198,0.165542,2,0
39,0.225347,0.171494,2,0
40,0.232992,0.177609,2,0
41,0.240694,0.183876,2,0
42,0.246874,0.190135,2,0
43,0.25302,0.196382,2,0
44,0.260703,0.202766,2,0
45,0.267569,0.209194,2,0
46,0.274373,0.215656,2,0
47,0.281097,0.222139,2,0
48,0.287718,0.228631,2,0
49,0.294212,0.235118,2,0
50,0.300556,0.241586,2,0
51,0.306725,0.248019,2,0
52,0.31357,0.254484,2,0
53,0.318435,0.260787,2,0
54,0.323922,0.267003,2,0
55,0.329131,0.273112,2,0
56,0.334038,0.279095,2,0
57,0.33862,0.284932,2,0
58,0.342856,0.290602,2,0
59,0.345805,0.295997,2,0
60,0.350219,0.301284,2,0
61,0.353314,0.306346,2,0
62,0.356005,0.311164,2,0
63,0.358284,0.315722,2,0
64,0.361102,0.320096,2,0
65,0.362559,0.324172,2,0
66,0.363612,0.327941,2,0
67,0.364272,0.331395,2,0
68,0.364555,0.334526,2,0
69,0.363495,0.337238,2,0
70,0.363079,0.339633,2,0
71,0.362351,0.341711,2,0
72,0.361336,0.343477,2,0
73,0.360065,0.344936,2,0
74,0.358569,0.346096,2,0
75,0.355883,0.346875,2,0
76,0.355037,0.347485,2,0
77,0.353058,0.347835,2,0
78,0.35199,0.348037,2,0
79,0.349857,0.348007,2,0
80,0.345669,0.347574,2,0
81,0.344534,0.347067,2,0
82,0.342408,0.346401,2,0
83,0.340341,0.345597,2,0
84,0.338356,0.344679,2,0
85,0.336478,0.343669,2,0
86,0.334727,0.34259,2,0
87,0.334131,0.341557,2,0
88,0.331668,0.340394,2,0
89,0.330406,0.339226,2,0
90,0.329333,0.338072,2,0
91,0.32846,0.336952,2,0
92,0.328802,0.335975,2,0
93,0.327336,0.334961,2,0
94,0.327112,0.334029,2,0
95,0.327112,0.333193,2,0
96,0.328337,0.332559,2,0
97,0.327784,0.33194,2,0
98,0.329467,0.331545,2,0
99,0.329371,0.331186,2,0
100,0.331506,0.331067,2,0
101,0.332861,0.331092,2,0
102,0.334435,0.331268,2,0
103,0.335218,0.331504,2,0
104,0.337229,0.33191,2,0
105,0.340427,0.332583,2,0
106,0.341844,0.333325,2,0
107,0.344453,0.334244,2,0
108,0.34725,0.335341,2,0
109,0.350228,0.336614,2,0
110,0.354306,0.338155,2,0
111,0.357612,0.339861,2,0
112,0.361082,0.341733,2,0
113,0.363791,0.34368,2,0
114,0.367594,0.345802,2,0
115,0.372426,0.348186,2,0
116,0.375635,0.350643,2,0
117,0.380739,0.353358,2,0
118,0.384268,0.356148,2,0
119,0.389642,0.359192,2,0
120,0.3935,0.362311,2,0
121,0.398357,0.365602,2,0
122,0.403376,0.369065,2,0
123,0.409312,0.372779,2,0
124,0.414654,0.376659,2,0
125,0.420185,0.380707,2,0
126,0.425915,0.384929,2,0
127,0.431142,0.389253,2,0
128,0.438027,0.393848,2,0
129,0.444437,0.398633,2,0
130,0.451101,0.403617,2,0
131,0.457366,0.408736,2,0
132,0.465242,0.414148,2,0
133,0.472107,0.419714,2,0
134,0.479926,0.425518,2,0
135,0.488627,0.431632,2,0
136,0.497014,0.437985,2,0
137,0.505683,0.444582,2,0
138,0.514048,0.451361,2,0
139,0.523784,0.458451,2,0
140,0.532612,0.465717,2,0
141,0.542149,0.473217,2,0
142,0.551292,0.48088,2,0
143,0.561423,0.488796,2,0
144,0.57098,0.496876,2,0
145,0.580358,0.505081,2,0
146,0.589446,0.513369,2,0
147,0.598509,0.521727,2,0
148,0.606252,0.530011,2,0
149,0.613741,0.538202,2,0
150,0.620459,0.546232,2,0
151,0.626299,0.554028,2,0
152,0.631171,0.561516,2,0
153,0.635007,0.568622,2,0
154,0.637767,0.575279,2,0
155,0.639441,0.581423,2,0
156,0.640311,0.587026,2,0
157,0.639628,0.59199,2,0
158,0.638301,0.596315,2,0
159,0.636161,0.599988,2,0
160,0.633341,0.603009,2,0
161,0.629989,0.605391,2,0
162,0.626265,0.607166,2,0
163,0.622327,0.608375,2,0
164,0.618333,0.609072,2,0
165,0.614273,0.609308,2,0
166,0.610904,0.609188,2,0
167,0.607391,0.608748,2,0
168,0.604473,0.608073,2,0
169,0.601955,0.607232,2,0
170,0.600233,0.60631,2,0
171,0.598986,0.605366,2,0
172,0.598363,0.604459,2,0
173,0.598371,0.603646,2,0
174,0.599007,0.602975,2,0
175,0.600258,0.602489,2,0
176,0.602118,0.602222,2,0
177,0.604523,0.602206,2,0
178,0.607481,0.602466,2,0
179,0.610958,0.603027,2,0
180,0.61498,0.603908,2,0
181,0.619482,0.605122,2,0
182,0.624522,0.606695,2,0
183,0.630065,0.608639,2,0
184,0.636134,0.610975,2,0
185,0.642758,0.613723,2,0
186,0.649971,0.616907,2,0
187,0.657814,0.620553,2,0
188,0.666334,0.624688,2,0
189,0.675577,0.629343,2,0
190,0.685583,0.634549,2,0
191,0.696384,0.640335,2,0
192,0.707989,0.646729,2,0
193,0.720385,0.653751,2,0
194,0.733517,0.661412,2,0
195,0.747288,0.66971,2,0
196,0.761545,0.678627,2,0
197,0.776072,0.688121,2,0
198,0.79059,0.698125,2,0
199,0.804756,0.708545,2,0
200,0.818176,0.719255,2,0
201,0.830418,0.730097,2,0
202,0.841044,0.74089,2,0
203,0.849639,0.751426,2,0
204,0.85585,0.761489,2,0
205,0.859429,0.770859,2,0
206,0.860258,0.779331,2,0
207,0.858377,0.786726,2,0
208,0.853982,0.792905,2,0
209,0.847418,0.797781,2,0
210,0.839142,0.801321,2,0
211,0.829687,0.803553,2,0
212,0.819243,0.804517,2,0
213,0.80983,0.804462,2,0
214,0.799731,0.803422,2,0
215,0.790809,0.801625,2,0
216,0.783012,0.799261,2,0
217,0.776552,0.796523,2,0
218,0.771548,0.793588,2,0
219,0.768042,0.790619,2,0
220,0.766011,0.787753,2,0
221,0.765388,0.785106,2,0
222,0.766081,0.782771,2,0
223,0.767988,0.780824,2,0
224,0.770691,0.779285,2,0
225,0.77541,0.778316,2,0
226,0.780162,0.777846,2,0
227,0.786243,0.777962,2,0
228,0.793377,0.778713,2,0
229,0.801657,0.780163,2,0
230,0.810887,0.782354,2,0
231,0.822251,0.785444,2,0
232,0.834927,0.789497,2,0
233,0.849446,0.794626,2,0
234,0.865966,0.800942,2,0
235,0.884209,0.808517,2,0
236,0.905237,0.817505,2,0
237,0.927743,0.827912,2,0
238,0.951287,0.839694,2,0
239,0.976294,0.852828,2,0
240,1.00063,0.867087,2,0
241,1.02341,0.882171,2,0
242,1.04317,0.89766,2,0
243,1.05806,0.913,2,0
244,1.06782,0.927663,2,0
245,1.07008,0.940956,2,0
246,1.06557,0.952332,2,0
247,1.05464,0.961348,2,0
248,1.0377,0.967659,2,0
249,1.0167,0.971159,2,0
250,0.993549,0.971947,2,0
251,0.970114,0.970308,2,0
252,0.947816,0.966632,2,0
253,0.928514,0.96147,2,0
254,0.912331,0.955299,2,0
255,0.899817,0.948596,2,0
256,0.890838,0.941749,2,0
257,0.885517,0.935126,2,0
258,0.882949,0.928919,2,0
259,0.883093,0.923318,2,0
260,0.885071,0.918376,2,0
261,0.888861,0.914166,2,0
262,0.893827,0.910684,2,0
263,0.900224,0.907985,2,0
264,0.907868,0.906112,2,0
265,0.91715,0.905169,2,0
266,0.928471,0.905315,2,0
267,0.942815,0.906806,2,0
268,0.960675,0.90994,2,0
269,0.982907,0.915077,2,0
270,1.01072,0.922633,2,0
271,1.0443,0.932992,2,0
272,1.08375,0.946476,2,0
273,1.12887,0.963281,2,0
274,1.17736,0.983342,2,0
275,1.22621,1.00625,2,0
276,1.27067,1.03117,2,0
277,1.30551,1.05679,2,0
278,1.32463,1.08138,2,0
279,1.32437,1.10304,2,0
280,1.30331,1.11995,2,0
281,1.26428,1.13082,2,0
282,1.21326,1.13513,2,0
283,1.1577,1.13321,2,0
284,1.10489,1.12609,2,0
285,1.05966,1.11524,2,0
286,1.0247,1.10223,2,0
287,1.00048,1.08845,2,0
288,0.986061,1.07499,2,0
289,0.979718,1.06257,2,0
290,0.979403,1.05153,2,0
291,0.983044,1.04192,2,0
292,0.988777,1.03358,2,0
293,0.995129,1.02625,2,0
294,1.00119,1.01962,2,0
295,1.00693,1.01349,2,0
296,1.01255,1.00779,2,0
297,1.01922,1.00266,2,0
298,1.0294,0.998561,2,0
299,1.04551,0.99627,2,0
300,1.07076,0.996861,2,0
301,1.10891,1.00168,2,0
302,1.16404,1.01226,2,0
303,1.23984,1.03016,2,0
304,1.338,1.05669,2,0
305,1.4556,1.09251,2,0
306,1.58195,1.13697,2,0
307,1.69643,1.18741,2,0
308,1.7703,1.23864,2,0
309,1.77563,1.28333,2,0
310,1.70319,1.31418,2,0
311,1.57056,1.32655,2,0
312,1.4191,1.32078,2,0
313,1.28841,1.30159,2,0
314,1.19858,1.27559,2,0
315,1.15053,1.24887,2,0
316,1.13603,1.22556,2,0
317,1.145,1.20756,2,0
318,1.16766,1.19488,2,0
319,1.19473,1.18616,2,0
320,1.21809,1.17925,2,0
321,1.2321,1.17173,2,0
322,1.23515,1.16143,2,0
323,1.23039,1.14697,2,0
324,1.22475,1.1283,2,0
325,1.22633,1.10709,2,0
326,1.24218,1.08693,2,0
327,1.28,1.07322,2,0
328,1.3557,1.07282,2,0
329,1.50283,1.09363,2,0
330,1.77064,1.14413,2,0
331,2.19365,1.23202,2,0
332,2.73129,1.35912,2,0
333,3.1889,1.50834,2,0
334,3.20032,1.62636,2,0
335,2.60094,1.64001,2,0
336,2.09511,1.54933,2,0
337,2.03449,1.45321,2,0
338,2.06864,1.40865,2,0
339,2.17676,1.41696,2,0
340,2.36932,1.46702,2,0
341,2.63094,1.54813,2,0
342,2.9131,1.65036,2,0
343,3.1668,1.76405,2,0
344,3.3162,1.87493,2,0
345,3.31945,1.96458,2,0
346,3.18426,2.01086,2,1
347,3.03051,1.99357,2,0
348,3.05457,1.90655,2,0
349,3.3044,1.77051,2,0
350,3.77062,1.62571,2,0
351,4.895,1.51371,2,0
352,7.97573,1.56632,2,0
353,14.6111,2.23107,2,1
354,19.0971,2.902,2,1
355,59.631,4.36981,2,1
356,535.141,52.4525,2,1
357,44102.5,4384.09,2,1
358,3.09541e+08,3.09522e+07,2,1
359,1.01495e+18,1.01495e+17,2,1
360,1.53295e+35,1.53295e+34,2,1
361,4.19939e+69,4.19939e+68,2,1
362,1.19783e+144,1.19783e+143,2,1
